Unnamed: 0,Player,From,To,Pos,Ht,Wt,Birth Date,Colleges,url
0,Precious Achiuwa,2021,2026,F,6-8,243,"September 19, 1999",Memphis,https://www.basketball-reference.com/players/a/achiupr01.html
1,Steven Adams,2014,2026,C,6-11,265,"July 20, 1993",Pitt,https://www.basketball-reference.com/players/a/adamsst01.html
2,Bam Adebayo,2018,2026,C-F,6-9,255,"July 18, 1997",Kentucky,https://www.basketball-reference.com/players/a/adebaba01.html
3,Ochai Agbaji,2023,2026,G,6-5,215,"April 20, 2000",Kansas,https://www.basketball-reference.com/players/a/agbajoc01.html
4,Santi Aldama,2022,2026,F-C,7-0,215,"January 10, 2001",Loyola (MD),https://www.basketball-reference.com/players/a/aldamsa01.html
5,Trey Alexander,2025,2026,G,6-5,185,"May 2, 2003",Creighton,https://www.basketball-reference.com/players/a/alexatr01.html
6,Nickeil Alexander-Walker,2020,2026,G,6-5,205,"September 2, 1998",Virginia Tech,https://www.basketball-reference.com/players/a/alexani01.html
7,Grayson Allen,2019,2026,G,6-3,198,"October 8, 1995",Duke,https://www.basketball-reference.com/players/a/allengr01.html
8,Jarrett Allen,2018,2026,C-F,6-9,243,"April 21, 1998",Texas,https://www.basketball-reference.com/players/a/allenja01.html
9,Jose Alvarado,2022,2026,G,6-0,179,"April 12, 1998",Georgia Tech,https://www.basketball-reference.com/players/a/alvarjo01.html
10,Kyle Anderson,2015,2026,F-G,6-8,230,"September 20, 1993",UCLA,https://www.basketball-reference.com/players/a/anderky01.html
11,Alex Antetokounmpo,2026,2026,F,6-8,214,"August 27, 2001",,https://www.basketball-reference.com/players/a/antetal01.html
12,Giannis Antetokounmpo,2014,2026,F-G,6-11,243,"December 6, 1994",,https://www.basketball-reference.com/players/a/antetgi01.html
13,Thanasis Antetokounmpo,2016,2026,F,6-7,219,"July 18, 1992",,https://www.basketball-reference.com/players/a/antetth01.html
14,Cole Anthony,2021,2026,G,6-2,185,"May 15, 2000",UNC,https://www.basketball-reference.com/players/a/anthoco01.html
15,OG Anunoby,2018,2026,F,6-7,240,"July 17, 1997",Indiana,https://www.basketball-reference.com/players/a/anunoog01.html
16,Deni Avdija,2021,2026,G-F,6-8,228,"January 3, 2001",,https://www.basketball-reference.com/players/a/avdijde01.html
17,Deandre Ayton,2019,2026,C,7-0,252,"July 23, 1998",Arizona,https://www.basketball-reference.com/players/a/aytonde01.html
18,Marvin Bagley III,2019,2026,F-C,6-10,235,"March 14, 1999",Duke,https://www.basketball-reference.com/players/b/baglema01.html
19,Ace Bailey,2026,2026,G-F,6-9,200,"August 13, 2006",Rutgers University,https://www.basketball-reference.com/players/b/baileac01.html
20,Adama-Alpha Bal,2026,2026,G,6-7,190,"December 18, 2003","Arizona, Santa Clara",https://www.basketball-reference.com/players/b/balad01.html
21,Patrick Baldwin Jr.,2023,2026,G-F,7-0,220,"November 18, 2002",UW-Milwaukee,https://www.basketball-reference.com/players/b/baldwpa01.html
22,LaMelo Ball,2021,2026,G,6-7,180,"August 22, 2001",,https://www.basketball-reference.com/players/b/ballla01.html
23,Lonzo Ball,2018,2026,G,6-5,190,"October 27, 1997",UCLA,https://www.basketball-reference.com/players/b/balllo01.html
24,Mo Bamba,2019,2026,C,7-0,231,"May 12, 1998",Texas,https://www.basketball-reference.com/players/b/bambamo01.html
25,Paolo Banchero,2023,2026,F,6-10,250,"November 12, 2002",Duke,https://www.basketball-reference.com/players/b/banchpa01.html
26,Desmond Bane,2021,2026,G,6-6,215,"June 25, 1998",TCU,https://www.basketball-reference.com/players/b/banede01.html
27,Dalano Banton,2022,2026,G-F,6-8,203,"November 7, 1999",Nebraska,https://www.basketball-reference.com/players/b/bantoda01.html
28,Dominick Barlow,2023,2026,F,6-9,215,"May 26, 2003",,https://www.basketball-reference.com/players/b/barlodo01.html
29,Harrison Barnes,2013,2026,F,6-7,225,"May 30, 1992",UNC,https://www.basketball-reference.com/players/b/barneha01.html
30,Scottie Barnes,2022,2026,G-F,6-8,237,"August 1, 2001",Florida State,https://www.basketball-reference.com/players/b/barnesc01.html
31,Brooks Barnhizer,2026,2026,G,6-5,230,"March 2, 2002",Northwestern,https://www.basketball-reference.com/players/b/barnhbr01.html
32,RJ Barrett,2020,2026,G-F,6-6,214,"June 14, 2000",Duke,https://www.basketball-reference.com/players/b/barrerj01.html
33,Charles Bassey,2022,2026,C,6-10,230,"October 28, 2000",Western Kentucky,https://www.basketball-reference.com/players/b/bassech01.html
34,Jamison Battle,2025,2026,F,6-7,220,"May 10, 2001","George Washington, Minnesota, Ohio State",https://www.basketball-reference.com/players/b/battlja01.html
35,Nicolas Batum,2009,2026,F-G,6-7,230,"December 14, 1988",,https://www.basketball-reference.com/players/b/batumni01.html
36,Bradley Beal,2013,2026,G,6-4,207,"June 28, 1993",Florida,https://www.basketball-reference.com/players/b/bealbr01.html
37,MarJon Beauchamp,2023,2026,G,6-7,199,"October 12, 2000",Yakima Valley Community College,https://www.basketball-reference.com/players/b/beaucma01.html
38,Joan Beringer,2026,2026,C,6-11,230,"November 11, 2006",,https://www.basketball-reference.com/players/b/berinjo01.html
39,Saddiq Bey,2021,2026,F,6-8,215,"April 9, 1999",Villanova,https://www.basketball-reference.com/players/b/beysa01.html
40,Goga Bitadze,2020,2026,C,6-11,250,"July 20, 1999",,https://www.basketball-reference.com/players/b/bitadgo01.html
41,Bismack Biyombo,2012,2026,C-F,6-8,255,"August 28, 1992",,https://www.basketball-reference.com/players/b/biyombi01.html
42,Anthony Black,2024,2026,G,6-7,200,"January 20, 2004",Arkansas,https://www.basketball-reference.com/players/b/blackan01.html
43,Leaky Black,2024,2026,F,6-6,209,"June 14, 1999",UNC,https://www.basketball-reference.com/players/b/blackle01.html
44,Buddy Boeheim,2023,2026,G,6-5,205,"November 11, 1999",Syracuse,https://www.basketball-reference.com/players/b/boehebu01.html
45,Bogdan Bogdanović,2018,2026,G,6-5,225,"August 18, 1992",,https://www.basketball-reference.com/players/b/bogdabo01.html
46,Adem Bona,2025,2026,C-F,6-10,235,"March 28, 2003",UCLA,https://www.basketball-reference.com/players/b/bonaad01.html
47,Devin Booker,2016,2026,G,6-5,206,"October 30, 1996",Kentucky,https://www.basketball-reference.com/players/b/bookede01.html
48,Chris Boucher,2018,2026,F,6-8,200,"January 11, 1993","New Mexico Junior College, Northwest College, Oregon",https://www.basketball-reference.com/players/b/bouchch01.html
49,Jamaree Bouyea,2023,2026,G,6-2,180,"June 27, 1999",San Francisco,https://www.basketball-reference.com/players/b/bouyeja01.html
50,Tony Bradley,2018,2026,F-C,6-10,248,"January 8, 1998",UNC,https://www.basketball-reference.com/players/b/bradlto01.html
51,Malaki Branham,2023,2026,G,6-4,180,"May 12, 2003",Ohio State,https://www.basketball-reference.com/players/b/branhma01.html
52,Christian Braun,2023,2026,G,6-6,220,"April 17, 2001",Kansas,https://www.basketball-reference.com/players/b/braunch01.html
53,Koby Brea,2026,2026,G,6-5,215,"November 6, 2002","Dayton, Kentucky",https://www.basketball-reference.com/players/b/breako01.html
54,Mikal Bridges,2019,2026,F-G,6-6,209,"August 30, 1996",Villanova,https://www.basketball-reference.com/players/b/bridgmi01.html
55,Miles Bridges,2019,2026,G-F,6-7,225,"March 21, 1998",Michigan State,https://www.basketball-reference.com/players/b/bridgmi01.html
56,Dillon Brooks,2018,2026,F-G,6-7,225,"January 22, 1996",Oregon,https://www.basketball-reference.com/players/b/brookdi01.html
57,Johni Broome,2026,2026,F-C,6-10,235,"July 19, 2002","Morehead State University, Auburn",https://www.basketball-reference.com/players/b/broomjo01.html
58,Bruce Brown,2019,2026,G-F,6-4,202,"August 15, 1996",Miami (FL),https://www.basketball-reference.com/players/b/brownbr01.html
59,Darius Brown II,2026,2026,G,6-2,192,"July 28, 1999","Cal State Northridge, Montana State, Utah State University",https://www.basketball-reference.com/players/b/brownda01.html
60,Jaylen Brown,2017,2026,F-G,6-6,223,"October 24, 1996",California,https://www.basketball-reference.com/players/b/brownja01.html
61,Kobe Brown,2024,2026,G-F,6-7,250,"January 1, 2000",Missouri,https://www.basketball-reference.com/players/b/brownko01.html
62,Jalen Brunson,2019,2026,G,6-2,190,"August 31, 1996",Villanova,https://www.basketball-reference.com/players/b/brunsja01.html
63,Carter Bryant,2026,2026,G-F,6-6,220,"November 26, 2005",Arizona,https://www.basketball-reference.com/players/b/bryanca01.html
64,Thomas Bryant,2018,2026,C,6-9,248,"July 31, 1997",Indiana,https://www.basketball-reference.com/players/b/bryanth01.html
65,Kobe Bufkin,2024,2026,G,6-4,195,"September 21, 2003",Michigan,https://www.basketball-reference.com/players/b/bufkiko01.html
66,Tyler Burton,2026,2026,F,6-7,215,"February 11, 2000","Richmond, Villanova",https://www.basketball-reference.com/players/b/burtoty01.html
67,Jimmy Butler,2012,2026,F-G,6-6,230,"September 14, 1989","Tyler Junior College, Marquette",https://www.basketball-reference.com/players/b/butleji01.html
68,Matas Buzelis,2025,2026,F,6-8,209,"October 13, 2004",,https://www.basketball-reference.com/players/b/buzelma01.html
69,Jamal Cain,2023,2026,F,6-7,191,"March 20, 1999","Marquette, Oakland",https://www.basketball-reference.com/players/c/cainja01.html
70,Kentavious Caldwell-Pope,2014,2026,G,6-5,204,"February 18, 1993",Georgia,https://www.basketball-reference.com/players/c/caldwke01.html
71,Toumani Camara,2024,2026,F,6-7,230,"May 8, 2000","Georgia, Dayton",https://www.basketball-reference.com/players/c/camarto01.html
72,Clint Capela,2015,2026,C,6-10,256,"May 18, 1994",,https://www.basketball-reference.com/players/c/capelcl01.html
73,Dylan Cardwell,2026,2026,C,6-10,255,"December 16, 2001",Auburn,https://www.basketball-reference.com/players/c/cardwdy01.html
74,Branden Carlson,2025,2026,C,7-0,220,"June 14, 1999",Utah,https://www.basketball-reference.com/players/c/carlsbr01.html
75,Bub Carrington,2025,2026,G,6-4,190,"July 21, 2005",Pitt,https://www.basketball-reference.com/players/c/carribu01.html
76,Devin Carter,2025,2026,G,6-2,195,"March 18, 2002","South Carolina, Providence",https://www.basketball-reference.com/players/c/cartede01.html
77,Jevon Carter,2019,2026,G,6-0,200,"September 14, 1995",West Virginia,https://www.basketball-reference.com/players/c/carteje01.html
78,Wendell Carter Jr.,2019,2026,C,6-10,270,"April 16, 1999",Duke,https://www.basketball-reference.com/players/c/cartewe01.html
79,Alex Caruso,2018,2026,G,6-5,186,"February 28, 1994",Texas A&M,https://www.basketball-reference.com/players/c/carusal01.html
80,Stephon Castle,2025,2026,G,6-6,215,"November 1, 2004",UConn,https://www.basketball-reference.com/players/c/castlst01.html
81,Colin Castleton,2024,2026,F,6-10,250,"May 25, 2000","Michigan, Florida",https://www.basketball-reference.com/players/c/castlco01.html
82,Julian Champagnie,2023,2026,F,6-7,217,"June 29, 2001",St. John's,https://www.basketball-reference.com/players/c/champju01.html
83,Justin Champagnie,2022,2026,F,6-6,206,"June 29, 2001",Pitt,https://www.basketball-reference.com/players/c/champju01.html
84,Kennedy Chandler,2023,2026,G,6-0,170,"September 16, 2002",Tennessee,https://www.basketball-reference.com/players/c/chandke01.html
85,Cam Christie,2025,2026,G,6-5,190,"July 24, 2005",Minnesota,https://www.basketball-reference.com/players/c/chrisca01.html
86,Max Christie,2023,2026,G,6-5,190,"February 10, 2003",Michigan State,https://www.basketball-reference.com/players/c/chrisma01.html
87,Moussa Cisse,2026,2026,C,6-11,220,"September 10, 2002","Oklahoma State, Ole Miss, Memphis",https://www.basketball-reference.com/players/c/cissemo01.html
88,Sidy Cissoko,2024,2026,G,6-6,220,"April 2, 2004",,https://www.basketball-reference.com/players/c/cissosi01.html
89,Jaylen Clark,2025,2026,G,6-5,205,"October 13, 2001",UCLA,https://www.basketball-reference.com/players/c/clarkja01.html
90,Brandon Clarke,2020,2026,F,6-8,215,"September 19, 1996","San Jose State, Gonzaga",https://www.basketball-reference.com/players/c/clarkbr01.html
91,Jordan Clarkson,2015,2026,G,6-5,194,"June 7, 1992","Tulsa, Missouri",https://www.basketball-reference.com/players/c/clarkjo01.html
92,Nic Claxton,2020,2026,C,6-11,215,"April 17, 1999",Georgia,https://www.basketball-reference.com/players/c/claxtni01.html
93,Walter Clayton,2026,2026,G,6-4,195,"March 6, 2003","Iona College, Florida",https://www.basketball-reference.com/players/c/claytwa01.html
94,Nique Clifford,2026,2026,G,6-5,175,"February 9, 2002","Colorado, Colorado State",https://www.basketball-reference.com/players/c/cliffni01.html
95,Donovan Clingan,2025,2026,C,7-2,280,"February 23, 2004",UConn,https://www.basketball-reference.com/players/c/clingdo01.html
96,Noah Clowney,2024,2026,F,6-10,210,"July 14, 2004",Alabama,https://www.basketball-reference.com/players/c/clownno01.html
97,Amir Coffey,2020,2026,G,6-7,210,"June 17, 1997",Minnesota,https://www.basketball-reference.com/players/c/coffeam01.html
98,Isaiah Collier,2025,2026,G,6-4,210,"October 8, 2004",USC,https://www.basketball-reference.com/players/c/colliis01.html
99,John Collins,2018,2026,F,6-9,226,"September 23, 1997",Wake Forest,https://www.basketball-reference.com/players/c/collijo01.html
100,Zach Collins,2018,2026,C-F,6-9,250,"November 19, 1997",Gonzaga,https://www.basketball-reference.com/players/c/colliza01.html
101,Mike Conley,2008,2026,G,6-1,175,"October 11, 1987",Ohio State,https://www.basketball-reference.com/players/c/conlemi01.html
102,Pat Connaughton,2016,2026,G,6-5,209,"January 6, 1993",Notre Dame,https://www.basketball-reference.com/players/c/connapa01.html
103,Javonte Cooke,2026,2026,G,6-6,185,"July 11, 1999","University of South Carolina Aiken, Mars Hill University, Winston-Salem State",https://www.basketball-reference.com/players/c/cookeja01.html
104,Sharife Cooper,2022,2026,G,6-0,176,"June 11, 2001",Auburn,https://www.basketball-reference.com/players/c/coopesh01.html
105,Bilal Coulibaly,2024,2026,F,6-7,195,"July 26, 2004",,https://www.basketball-reference.com/players/c/coulibi01.html
106,Cedric Coward,2026,2026,F-G,6-5,206,"September 11, 2003","Willamette University, Eastern Washington, Washington State",https://www.basketball-reference.com/players/c/cowarce01.html
107,Isaiah Crawford,2025,2026,F,6-6,220,"November 1, 2001",Louisiana Tech,https://www.basketball-reference.com/players/c/crawfis01.html
108,LJ Cryer,2026,2026,G,6-1,202,"October 9, 2001","Baylor, Houston",https://www.basketball-reference.com/players/c/cryerlj01.html
109,Cade Cunningham,2022,2026,G,6-6,220,"September 25, 2001",Oklahoma State,https://www.basketball-reference.com/players/c/cunnica01.html
110,Seth Curry,2014,2026,G,6-1,185,"August 23, 1990","Liberty, Duke",https://www.basketball-reference.com/players/c/curryse01.html
111,Stephen Curry,2010,2026,G,6-2,185,"March 14, 1988",Davidson,https://www.basketball-reference.com/players/c/curryst01.html
112,Tristan Da Silva,2025,2026,F,6-8,217,"May 15, 2001",Colorado,https://www.basketball-reference.com/players/d/dasiltr01.html
113,Pacôme Dadiet,2025,2026,F,6-9,210,"July 27, 2005",,https://www.basketball-reference.com/players/d/dadiepa01.html
114,Dyson Daniels,2023,2026,G,6-7,199,"March 17, 2003",,https://www.basketball-reference.com/players/d/daniedy01.html
115,N'Faly Dante,2025,2026,C,6-11,230,"October 19, 2001",Oregon,https://www.basketball-reference.com/players/d/dantenf01.html
116,Anthony Davis,2013,2026,F-C,6-10,253,"March 11, 1993",Kentucky,https://www.basketball-reference.com/players/d/davisan01.html
117,JD Davison,2023,2026,G,6-1,195,"October 3, 2002",Alabama,https://www.basketball-reference.com/players/d/davisjd01.html
118,DeMar DeRozan,2010,2026,G-F,6-6,220,"August 7, 1989",USC,https://www.basketball-reference.com/players/d/derozde01.html
119,RayJ Dennis,2025,2026,G,6-1,180,"March 30, 2001","Boise State, Toledo, Baylor",https://www.basketball-reference.com/players/d/dennira01.html
120,Donte DiVincenzo,2019,2026,G,6-4,203,"January 31, 1997",Villanova,https://www.basketball-reference.com/players/d/divindo01.html
121,Moussa Diabaté,2023,2026,F,6-10,210,"January 21, 2002",Michigan,https://www.basketball-reference.com/players/d/diabamo01.html
122,Mohamed Diawara,2026,2026,F-C,6-9,225,"April 29, 2005",,https://www.basketball-reference.com/players/d/diawamo01.html
123,Gradey Dick,2024,2026,G,6-7,200,"November 20, 2003",Kansas,https://www.basketball-reference.com/players/d/dickgr01.html
124,Hunter Dickinson,2026,2026,C,7-1,255,"November 25, 2000","Michigan, Kansas",https://www.basketball-reference.com/players/d/dickihu01.html
125,Ousmane Dieng,2023,2026,F,6-9,185,"May 21, 2003",,https://www.basketball-reference.com/players/d/diengou01.html
126,Rob Dillingham,2025,2026,G,6-2,175,"January 4, 2005",Kentucky,https://www.basketball-reference.com/players/d/dilliro01.html
127,Egor Dёmin,2026,2026,G,6-8,200,"March 3, 2006",BYU,https://www.basketball-reference.com/players/d/dmineg01.html
128,Luka Dončić,2019,2026,G-F,6-8,230,"February 28, 1999",,https://www.basketball-reference.com/players/d/donilu01.html
129,Luguentz Dort,2020,2026,G,6-4,220,"April 19, 1999",Arizona State,https://www.basketball-reference.com/players/d/dortlu01.html
130,Ayo Dosunmu,2022,2026,G,6-4,200,"January 17, 2000",Illinois,https://www.basketball-reference.com/players/d/dosunay01.html
131,Andre Drummond,2013,2026,C,6-11,279,"August 10, 1993",UConn,https://www.basketball-reference.com/players/d/drumman01.html
132,Kris Dunn,2017,2026,G,6-3,205,"March 18, 1994",Providence,https://www.basketball-reference.com/players/d/dunnkr01.html
133,Ryan Dunn,2025,2026,F,6-7,216,"January 7, 2003",Virginia,https://www.basketball-reference.com/players/d/dunnry01.html
134,Kevin Durant,2008,2026,F-G,6-11,240,"September 29, 1988",Texas,https://www.basketball-reference.com/players/d/duranke01.html
135,Jalen Duren,2023,2026,C,6-10,250,"November 18, 2003",Memphis,https://www.basketball-reference.com/players/d/durenja01.html
136,Tari Eason,2023,2026,F,6-8,215,"May 10, 2001","Cincinnati, LSU",https://www.basketball-reference.com/players/e/easonta01.html
137,Zach Edey,2025,2026,C,7-3,305,"May 14, 2002",Purdue,https://www.basketball-reference.com/players/e/edeyza01.html
138,VJ Edgecombe,2026,2026,G-F,6-4,180,"July 30, 2005",Baylor,https://www.basketball-reference.com/players/e/edgecvj01.html
139,Anthony Edwards,2021,2026,G-F,6-4,225,"August 5, 2001",Georgia,https://www.basketball-reference.com/players/e/edwaran01.html
140,Justin Edwards,2025,2026,G,6-7,203,"December 16, 2003",Kentucky,https://www.basketball-reference.com/players/e/edwarju01.html
141,Keon Ellis,2023,2026,G,6-4,175,"January 8, 2000","Florida SouthWestern State College, Alabama",https://www.basketball-reference.com/players/e/elliske01.html
142,Joel Embiid,2017,2026,C,7-0,280,"March 16, 1994",Kansas,https://www.basketball-reference.com/players/e/embiijo01.html
143,Tristan Enaruna,2026,2026,F,6-7,220,"June 26, 2001","Kansas, Iowa State, Cleveland State University",https://www.basketball-reference.com/players/e/enarutr01.html
144,Noa Essengue,2026,2026,F,6-8,200,"December 18, 2006",,https://www.basketball-reference.com/players/e/essenno01.html
145,Tyson Etienne,2025,2026,G,6-0,200,"September 17, 1999",Wichita State,https://www.basketball-reference.com/players/e/etienty01.html
146,Drew Eubanks,2019,2026,F,6-10,245,"February 1, 1997",Oregon State,https://www.basketball-reference.com/players/e/eubandr01.html
147,Tosan Evbuomwan,2024,2026,F,6-8,217,"February 16, 2001",Princeton,https://www.basketball-reference.com/players/e/evbuoto01.html
148,Jeremiah Fears,2026,2026,G,6-3,190,"October 14, 2006",Oklahoma,https://www.basketball-reference.com/players/f/fearsje01.html
149,Kyle Filipowski,2025,2026,F-C,6-11,250,"November 7, 2003",Duke,https://www.basketball-reference.com/players/f/filipky01.html
150,Dorian Finney-Smith,2017,2026,F,6-7,220,"May 4, 1993",Florida,https://www.basketball-reference.com/players/f/finnedo01.html
151,Cooper Flagg,2026,2026,F-G,6-9,205,"December 21, 2006",Duke,https://www.basketball-reference.com/players/f/flaggco01.html
152,Rasheer Fleming,2026,2026,F,6-9,240,"July 10, 2004",Saint Joseph's,https://www.basketball-reference.com/players/f/flemira01.html
153,Trentyn Flowers,2025,2026,G-F,6-9,185,"March 8, 2005",,https://www.basketball-reference.com/players/f/flowetr01.html
154,Simone Fontecchio,2023,2026,F,6-7,209,"December 9, 1995",,https://www.basketball-reference.com/players/f/fontesi01.html
155,De'Aaron Fox,2018,2026,G,6-3,185,"December 20, 1997",Kentucky,https://www.basketball-reference.com/players/f/foxde01.html
156,Enrique Freeman,2025,2026,F,6-9,220,"July 29, 2000",University of Akron,https://www.basketball-reference.com/players/f/freemen01.html
157,Markelle Fultz,2018,2026,G,6-4,209,"May 29, 1998",Washington,https://www.basketball-reference.com/players/f/fultzma01.html
158,Johnny Furphy,2025,2026,G-F,6-8,200,"December 8, 2004",Kansas,https://www.basketball-reference.com/players/f/furphjo01.html
159,Daniel Gafford,2020,2026,C-F,6-10,265,"October 1, 1998",Arkansas,https://www.basketball-reference.com/players/g/gaffoda01.html
160,Andersson Garcia,2026,2026,G,6-7,220,"August 23, 2000","Mississippi State, Texas A&M",https://www.basketball-reference.com/players/g/garcian01.html
161,Myron Gardner,2026,2026,G,6-5,220,"May 21, 2001","South Plains College, Georgetown, Little Rock",https://www.basketball-reference.com/players/g/gardnmy01.html
162,Darius Garland,2020,2026,G,6-1,192,"January 26, 2000",Vanderbilt,https://www.basketball-reference.com/players/g/garlada01.html
163,Luka Garza,2022,2026,F-C,6-10,243,"December 27, 1998",Iowa,https://www.basketball-reference.com/players/g/garzalu01.html
164,Keyonte George,2024,2026,G,6-4,185,"November 8, 2003",Baylor,https://www.basketball-reference.com/players/g/georgke01.html
165,Kyshawn George,2025,2026,G,6-8,200,"December 12, 2003",Miami (FL),https://www.basketball-reference.com/players/g/georgky01.html
166,Paul George,2011,2026,F-G,6-8,220,"May 2, 1990",Fresno State,https://www.basketball-reference.com/players/g/georgpa01.html
167,Taj Gibson,2010,2026,F-C,6-9,232,"June 24, 1985",USC,https://www.basketball-reference.com/players/g/gibsota01.html
168,Josh Giddey,2022,2026,G,6-7,216,"October 10, 2002",,https://www.basketball-reference.com/players/g/giddejo01.html
169,Keshon Gilbert,2026,2026,G,6-4,200,"June 30, 2003","UNLV, Iowa State",https://www.basketball-reference.com/players/g/gilbeke01.html
170,Shai Gilgeous-Alexander,2019,2026,G,6-6,195,"July 12, 1998",Kentucky,https://www.basketball-reference.com/players/g/gilgesh01.html
171,Anthony Gill,2021,2026,F,6-7,230,"October 17, 1992","South Carolina, Virginia",https://www.basketball-reference.com/players/g/gillan01.html
172,Collin Gillespie,2024,2026,G,6-1,195,"June 25, 1999",Villanova,https://www.basketball-reference.com/players/g/gilleco01.html
173,Rudy Gobert,2014,2026,C,7-1,258,"June 26, 1992",,https://www.basketball-reference.com/players/g/goberru01.html
174,Vladislav Goldin,2026,2026,F-C,7-0,250,"May 12, 2001","Texas Tech, Florida Atlantic University, Michigan",https://www.basketball-reference.com/players/g/goldivl01.html
175,Hugo González,2026,2026,G-F,6-6,200,"February 5, 2006",,https://www.basketball-reference.com/players/g/gonzlhu01.html
176,Jordan Goodwin,2022,2026,G,6-3,215,"October 23, 1998",Saint Louis,https://www.basketball-reference.com/players/g/goodwjo01.html
177,Aaron Gordon,2015,2026,F,6-8,235,"September 16, 1995",Arizona,https://www.basketball-reference.com/players/g/gordoaa01.html
178,Eric Gordon,2009,2026,G-F,6-3,215,"December 25, 1988",Indiana,https://www.basketball-reference.com/players/g/gordoer01.html
179,Jerami Grant,2015,2026,F,6-7,213,"March 12, 1994",Syracuse,https://www.basketball-reference.com/players/g/grantje01.html
180,Hayden Gray,2026,2026,G,6-4,190,"May 11, 2003",UC San Diego,https://www.basketball-reference.com/players/g/grayha01.html
181,A.J. Green,2023,2026,G,6-4,190,"September 27, 1999",University of Northern Iowa,https://www.basketball-reference.com/players/g/greenaj01.html
182,Draymond Green,2013,2026,F,6-6,230,"March 4, 1990",Michigan State,https://www.basketball-reference.com/players/g/greendr01.html
183,Jalen Green,2022,2026,G,6-4,186,"February 9, 2002",,https://www.basketball-reference.com/players/g/greenja01.html
184,Javonte Green,2020,2026,F,6-5,205,"July 23, 1993",Radford,https://www.basketball-reference.com/players/g/greenja01.html
185,Jeff Green,2008,2026,F,6-8,235,"August 28, 1986",Georgetown,https://www.basketball-reference.com/players/g/greenje01.html
186,Josh Green,2021,2026,G-F,6-6,200,"November 16, 2000",Arizona,https://www.basketball-reference.com/players/g/greenjo01.html
187,Quentin Grimes,2022,2026,G-F,6-4,210,"May 8, 2000","Kansas, Houston",https://www.basketball-reference.com/players/g/grimequ01.html
188,Mouhamadou Gueye,2024,2026,F,6-9,210,"July 6, 1998","Monroe Community College, Stony Brook University, Pitt",https://www.basketball-reference.com/players/g/gueyemo01.html
189,Mouhamed Gueye,2024,2026,F,6-11,210,"November 9, 2002",Washington State,https://www.basketball-reference.com/players/g/gueyemo01.html
190,Rui Hachimura,2020,2026,F,6-8,230,"February 8, 1998",Gonzaga,https://www.basketball-reference.com/players/h/hachiru01.html
191,PJ Hall,2025,2026,F,6-8,245,"February 21, 2002",Clemson,https://www.basketball-reference.com/players/h/hallpj01.html
192,Yang Hansen,2026,2026,C,7-1,270,"June 26, 2005",,https://www.basketball-reference.com/players/h/hanseya01.html
193,Tim Hardaway Jr.,2014,2026,G,6-5,205,"March 16, 1992",Michigan,https://www.basketball-reference.com/players/h/hardati01.html
194,James Harden,2010,2026,G,6-5,220,"August 26, 1989",Arizona State,https://www.basketball-reference.com/players/h/hardeja01.html
195,Jaden Hardy,2023,2026,G,6-3,198,"July 5, 2002",,https://www.basketball-reference.com/players/h/hardyja01.html
196,Elijah Harkless,2025,2026,G,6-3,195,"February 3, 2000","Cal State Northridge, Oklahoma, UNLV",https://www.basketball-reference.com/players/h/harklel01.html
197,Dylan Harper,2026,2026,G,6-5,215,"March 2, 2006",Rutgers University,https://www.basketball-reference.com/players/h/harpedy01.html
198,Ron Harper Jr.,2023,2026,G-F,6-5,233,"April 12, 2000",Rutgers University,https://www.basketball-reference.com/players/h/harpero01.html
199,Gary Harris,2015,2026,G,6-4,210,"September 14, 1994",Michigan State,https://www.basketball-reference.com/players/h/harriga01.html
200,Tobias Harris,2012,2026,F,6-8,226,"July 15, 1992",Tennessee,https://www.basketball-reference.com/players/h/harrito01.html
201,Josh Hart,2018,2026,F-G,6-5,215,"March 6, 1995",Villanova,https://www.basketball-reference.com/players/h/hartjo01.html
202,Isaiah Hartenstein,2019,2026,C-F,7-0,250,"May 5, 1998",,https://www.basketball-reference.com/players/h/harteis01.html
203,Sam Hauser,2022,2026,F,6-7,217,"December 8, 1997","Marquette, Virginia",https://www.basketball-reference.com/players/h/hausesa01.html
204,Jordan Hawkins,2024,2026,G,6-5,190,"April 29, 2002",UConn,https://www.basketball-reference.com/players/h/hawkijo01.html
205,Jaxson Hayes,2020,2026,F,7-0,220,"May 23, 2000",Texas,https://www.basketball-reference.com/players/h/hayesja01.html
206,Killian Hayes,2021,2026,G,6-4,195,"July 27, 2001",,https://www.basketball-reference.com/players/h/hayeski01.html
207,Nigel Hayes-Davis,2018,2026,F,6-7,254,"December 16, 1994",Wisconsin,https://www.basketball-reference.com/players/h/hayesni01.html
208,Scoot Henderson,2024,2026,G,6-3,207,"February 3, 2004",,https://www.basketball-reference.com/players/h/hendesc01.html
209,Taylor Hendricks,2024,2026,F,6-9,215,"November 22, 2003",Central Florida,https://www.basketball-reference.com/players/h/hendrta01.html
210,Chucky Hepburn,2026,2026,G,6-0,190,"February 9, 2003","Wisconsin, Louisville",https://www.basketball-reference.com/players/h/hepbuch01.html
211,Tyler Herro,2020,2026,G,6-5,195,"January 20, 2000",Kentucky,https://www.basketball-reference.com/players/h/herroty01.html
212,Buddy Hield,2017,2026,G-F,6-4,220,"December 17, 1992",Oklahoma,https://www.basketball-reference.com/players/h/hieldbu01.html
213,Haywood Highsmith,2019,2026,F,6-5,220,"December 9, 1996",Wheeling University,https://www.basketball-reference.com/players/h/highsha01.html
214,Blake Hinson,2026,2026,F,6-8,240,"December 26, 1999","Ole Miss, Iowa State, Pitt",https://www.basketball-reference.com/players/h/hinsobl01.html
215,Aaron Holiday,2019,2026,G,6-0,185,"September 30, 1996",UCLA,https://www.basketball-reference.com/players/h/holidaa01.html
216,Jrue Holiday,2010,2026,G,6-4,220,"June 12, 1990",UCLA,https://www.basketball-reference.com/players/h/holidjr01.html
217,Ron Holland,2025,2026,F,6-8,206,"July 7, 2005",,https://www.basketball-reference.com/players/h/hollaro01.html
218,DaRon Holmes,2026,2026,F,6-9,225,"August 15, 2002",Dayton,https://www.basketball-reference.com/players/h/holmeda01.html
219,Chet Holmgren,2024,2026,F-C,7-1,208,"May 1, 2002",Gonzaga,https://www.basketball-reference.com/players/h/holmgch01.html
220,Al Horford,2008,2026,C-F,6-8,240,"June 3, 1986",Florida,https://www.basketball-reference.com/players/h/horfoal01.html
221,Caleb Houstan,2023,2026,G-F,6-8,205,"January 9, 2003",Michigan,https://www.basketball-reference.com/players/h/houstca01.html
222,Jett Howard,2024,2026,G,6-8,215,"September 14, 2003",Michigan,https://www.basketball-reference.com/players/h/howarje01.html
223,Kevin Huerter,2019,2026,G,6-6,198,"August 27, 1998",Maryland,https://www.basketball-reference.com/players/h/huertke01.html
224,Jay Huff,2022,2026,C-F,7-1,240,"August 25, 1998",Virginia,https://www.basketball-reference.com/players/h/huffja01.html
225,Ariel Hukporti,2025,2026,C,7-0,246,"April 12, 2002",,https://www.basketball-reference.com/players/h/hukpoar01.html
226,De'Andre Hunter,2020,2026,F,6-7,221,"December 2, 1997",Virginia,https://www.basketball-reference.com/players/h/huntede01.html
227,CJ Huntley,2026,2026,F,6-9,190,"January 6, 2002",Appalachian State University,https://www.basketball-reference.com/players/h/huntlcj01.html
228,Bones Hyland,2022,2026,G,6-2,169,"September 14, 2000",VCU,https://www.basketball-reference.com/players/h/hylanbo01.html
229,Oso Ighodaro,2025,2026,F,6-11,235,"July 14, 2002",Marquette,https://www.basketball-reference.com/players/i/ighodos01.html
230,Joe Ingles,2015,2026,F-G,6-8,220,"October 2, 1987",,https://www.basketball-reference.com/players/i/inglejo01.html
231,Brandon Ingram,2017,2026,F,6-8,190,"September 2, 1997",Duke,https://www.basketball-reference.com/players/i/ingrabr01.html
232,Harrison Ingram,2025,2026,F,6-5,230,"November 27, 2002","Stanford, UNC",https://www.basketball-reference.com/players/i/ingraha01.html
233,Jonathan Isaac,2018,2026,F,6-10,230,"October 3, 1997",Florida State,https://www.basketball-reference.com/players/i/isaacjo01.html
234,Jaden Ivey,2023,2026,G,6-3,195,"February 13, 2002",Purdue,https://www.basketball-reference.com/players/i/iveyja01.html
235,Andre Jackson Jr.,2024,2026,G,6-6,209,"November 13, 2001",UConn,https://www.basketball-reference.com/players/j/jacksan01.html
236,GG Jackson II,2024,2026,F,6-9,210,"December 17, 2004",South Carolina,https://www.basketball-reference.com/players/j/jacksgg01.html
237,Isaiah Jackson,2022,2026,C-F,6-8,205,"January 10, 2002",Kentucky,https://www.basketball-reference.com/players/j/jacksis01.html
238,Jaren Jackson Jr.,2019,2026,F,6-10,242,"September 15, 1999",Michigan State,https://www.basketball-reference.com/players/j/jacksja01.html
239,Quenton Jackson,2023,2026,G,6-4,173,"September 15, 1998",Texas A&M,https://www.basketball-reference.com/players/j/jacksqu01.html
240,Trayce Jackson-Davis,2024,2026,F,6-9,245,"February 22, 2000",Indiana,https://www.basketball-reference.com/players/j/jackstr01.html
241,Kasparas Jakučionis,2026,2026,G,6-5,200,"May 29, 2006",Illinois,https://www.basketball-reference.com/players/j/jakuika01.html
242,Bronny James,2025,2026,G,6-2,210,"October 6, 2004",USC,https://www.basketball-reference.com/players/j/jamesbr01.html
243,LeBron James,2004,2026,F-G,6-9,250,"December 30, 1984",,https://www.basketball-reference.com/players/j/jamesle01.html
244,Sion James,2026,2026,G,6-5,220,"December 4, 2002","Tulane, Duke",https://www.basketball-reference.com/players/j/jamessi01.html
245,Jaime Jaquez Jr.,2024,2026,G-F,6-6,225,"February 18, 2001",UCLA,https://www.basketball-reference.com/players/j/jaqueja01.html
246,DeJon Jarreau,2022,2026,G,6-5,185,"January 23, 1998","UMass, Houston",https://www.basketball-reference.com/players/j/jarrede01.html
247,DaQuan Jeffries,2020,2026,G-F,6-5,222,"August 30, 1997","Oral Roberts, Tulsa",https://www.basketball-reference.com/players/j/jeffrda01.html
248,Trey Jemison,2024,2026,C,6-10,270,"November 28, 1999","Clemson, UAB",https://www.basketball-reference.com/players/j/jemistr01.html
249,Daniss Jenkins,2025,2026,G,6-4,165,"August 17, 2001","University of the Pacific, Odessa College, Iona College, St. John's",https://www.basketball-reference.com/players/j/jenkida01.html
250,Ty Jerome,2020,2026,G,6-5,195,"July 8, 1997",Virginia,https://www.basketball-reference.com/players/j/jeromty01.html
251,Isaiah Joe,2021,2026,G,6-4,165,"July 2, 1999",Arkansas,https://www.basketball-reference.com/players/j/joeis01.html
252,AJ Johnson,2025,2026,G,6-5,160,"December 1, 2004",,https://www.basketball-reference.com/players/j/johnsaj01.html
253,Cameron Johnson,2020,2026,F,6-8,210,"March 3, 1996","Pitt, UNC",https://www.basketball-reference.com/players/j/johnsca01.html
254,Chaney Johnson,2026,2026,G,6-7,220,"June 20, 2002",Auburn,https://www.basketball-reference.com/players/j/johnsch01.html
255,Jalen Johnson,2022,2026,F,6-8,219,"December 18, 2001",Duke,https://www.basketball-reference.com/players/j/johnsja01.html
256,Keldon Johnson,2020,2026,G,6-6,220,"October 11, 1999",Kentucky,https://www.basketball-reference.com/players/j/johnske01.html
257,Keshad Johnson,2025,2026,F,6-6,225,"June 23, 2001","San Diego State, Arizona",https://www.basketball-reference.com/players/j/johnske01.html
258,Tre Johnson,2026,2026,G,6-5,190,"March 7, 2006",Texas,https://www.basketball-reference.com/players/j/johnstr01.html
259,Nikola Jokić,2016,2026,C-F,6-11,284,"February 19, 1995",,https://www.basketball-reference.com/players/j/jokini01.html
260,Colby Jones,2024,2026,G,6-6,207,"May 28, 2002",Xavier,https://www.basketball-reference.com/players/j/jonesco01.html
261,Curtis Jones,2026,2026,G,6-3,195,"December 4, 2001","Indian Hills Community College, Buffalo, Iowa State",https://www.basketball-reference.com/players/j/jonescu01.html
262,Derrick Jones Jr.,2017,2026,F,6-6,210,"February 15, 1997",UNLV,https://www.basketball-reference.com/players/j/jonesde01.html
263,Dillon Jones,2025,2026,F,6-5,235,"October 29, 2001",Weber State,https://www.basketball-reference.com/players/j/jonesdi01.html
264,Herbert Jones,2022,2026,F,6-7,206,"October 6, 1998",Alabama,https://www.basketball-reference.com/players/j/joneshe01.html
265,Isaac Jones,2025,2026,F,6-8,245,"July 11, 2000","Wenatchee Valley College, Idaho, Washington State",https://www.basketball-reference.com/players/j/jonesis01.html
266,Kam Jones,2026,2026,G,6-4,200,"February 25, 2002",Marquette,https://www.basketball-reference.com/players/j/joneska01.html
267,Spencer Jones,2025,2026,F,6-7,225,"June 14, 2001",Stanford,https://www.basketball-reference.com/players/j/jonessp01.html
268,Tre Jones,2021,2026,G,6-1,185,"January 8, 2000",Duke,https://www.basketball-reference.com/players/j/jonestr01.html
269,Tyus Jones,2016,2026,G,6-0,196,"May 10, 1996",Duke,https://www.basketball-reference.com/players/j/jonesty01.html
270,David Jones García,2026,2026,F,6-4,210,"November 24, 2001","DePaul, St. John's, Memphis",https://www.basketball-reference.com/players/j/jonesda01.html
271,DeAndre Jordan,2009,2026,C,6-11,265,"July 21, 1988",Texas A&M,https://www.basketball-reference.com/players/j/jordade01.html
272,Nikola Jović,2023,2026,G-F,6-10,205,"June 9, 2003",,https://www.basketball-reference.com/players/j/jovini01.html
273,Johnny Juzang,2023,2026,G,6-7,226,"March 17, 2001","Kentucky, UCLA",https://www.basketball-reference.com/players/j/juzanjo01.html
274,Ryan Kalkbrenner,2026,2026,C,7-1,256,"January 17, 2002",Creighton,https://www.basketball-reference.com/players/k/kalkbry01.html
275,Yuki Kawamura,2025,2026,G,5-7,159,"May 2, 2001",,https://www.basketball-reference.com/players/k/kawamyu01.html
276,Trevor Keels,2023,2026,G,6-3,215,"August 26, 2003",Duke,https://www.basketball-reference.com/players/k/keelstr01.html
277,Miles Kelly,2026,2026,G,6-4,190,"January 26, 2003","Georgia Tech, Auburn",https://www.basketball-reference.com/players/k/kellymi01.html
278,Luke Kennard,2018,2026,G,6-5,206,"June 24, 1996",Duke,https://www.basketball-reference.com/players/k/kennalu01.html
279,Jayson Kent,2026,2026,F,6-8,215,"February 3, 2002","Bradley, Indiana State University, Texas",https://www.basketball-reference.com/players/k/kentja01.html
280,Walker Kessler,2023,2026,C,7-2,245,"July 26, 2001","UNC, Auburn",https://www.basketball-reference.com/players/k/kesslwa01.html
281,Corey Kispert,2022,2026,G-F,6-6,224,"March 3, 1999",Gonzaga,https://www.basketball-reference.com/players/k/kispeco01.html
282,Maxi Kleber,2018,2026,F,6-10,240,"January 29, 1992",,https://www.basketball-reference.com/players/k/klebema01.html
283,Bobi Klintman,2025,2026,F,6-9,225,"March 6, 2003",Wake Forest,https://www.basketball-reference.com/players/k/klintbo01.html
284,Dalton Knecht,2025,2026,G,6-6,215,"April 19, 2001","Northeastern Junior College, University of Northern Colorado, Tennessee",https://www.basketball-reference.com/players/k/knechda01.html
285,Kon Knueppel,2026,2026,G-F,6-6,215,"August 3, 2005",Duke,https://www.basketball-reference.com/players/k/knuepko01.html
286,Tyler Kolek,2025,2026,G,6-2,195,"March 27, 2001","George Mason, Marquette",https://www.basketball-reference.com/players/k/kolekty01.html
287,Christian Koloko,2023,2026,C,6-11,225,"June 20, 2000",Arizona,https://www.basketball-reference.com/players/k/kolokch01.html
288,Yanic Konan Niederhäuser,2026,2026,F,6-11,242,"March 14, 2003","Northern Illinois, Penn State",https://www.basketball-reference.com/players/k/konanya01.html
289,John Konchar,2020,2026,G,6-5,210,"March 22, 1996",Purdue-Fort Wayne,https://www.basketball-reference.com/players/k/konchjo01.html
290,Luke Kornet,2018,2026,C-F,7-1,250,"July 15, 1995",Vanderbilt,https://www.basketball-reference.com/players/k/kornelu01.html
291,Vít Krejčí,2022,2026,G,6-8,195,"June 19, 2000",,https://www.basketball-reference.com/players/k/krejvt01.html
292,Jonathan Kuminga,2022,2026,F,6-7,225,"October 6, 2002",,https://www.basketball-reference.com/players/k/kuminjo01.html
293,Kyle Kuzma,2018,2026,F,6-8,221,"July 24, 1995",Utah,https://www.basketball-reference.com/players/k/kuzmaky01.html
294,Jake LaRavia,2023,2026,F,6-7,235,"November 3, 2001","Indiana State University, Wake Forest",https://www.basketball-reference.com/players/l/laravja01.html
295,Zach LaVine,2015,2026,G-F,6-5,200,"March 10, 1995",UCLA,https://www.basketball-reference.com/players/l/lavinza01.html
296,Skal Labissière,2017,2026,F,6-10,235,"March 18, 1996",Kentucky,https://www.basketball-reference.com/players/l/labissk01.html
297,Jock Landale,2022,2026,C,6-11,255,"October 25, 1995",Saint Mary's,https://www.basketball-reference.com/players/l/landajo01.html
298,Chaz Lanier,2026,2026,G,6-3,206,"December 19, 2001","University of North Florida, Tennessee",https://www.basketball-reference.com/players/l/laniech01.html
299,Pelle Larsson,2025,2026,G,6-5,215,"February 23, 2001","Utah, Arizona",https://www.basketball-reference.com/players/l/larsspe01.html
300,A.J. Lawson,2023,2026,G,6-6,179,"July 15, 2000",South Carolina,https://www.basketball-reference.com/players/l/lawsoaj01.html
301,Caris LeVert,2017,2026,G-F,6-7,205,"August 25, 1994",Michigan,https://www.basketball-reference.com/players/l/leverca01.html
302,Kawhi Leonard,2012,2026,F,6-6,225,"June 29, 1991",San Diego State,https://www.basketball-reference.com/players/l/leonaka01.html
303,Malevy Leons,2025,2026,F,6-9,210,"September 23, 1999","Mineral Area College, Bradley",https://www.basketball-reference.com/players/l/leonsma01.html
304,E.J. Liddell,2024,2026,F,6-6,240,"December 18, 2000",Ohio State,https://www.basketball-reference.com/players/l/liddeej01.html
305,Dereck Lively II,2024,2026,C,7-1,230,"February 12, 2004",Duke,https://www.basketball-reference.com/players/l/livelde01.html
306,Isaiah Livers,2022,2026,F,6-6,232,"July 28, 1998",Michigan,https://www.basketball-reference.com/players/l/liveris01.html
307,Chris Livingston,2024,2026,F,6-6,220,"October 15, 2003",Kentucky,https://www.basketball-reference.com/players/l/livinch01.html
308,Kevon Looney,2016,2026,F-C,6-9,222,"February 6, 1996",UCLA,https://www.basketball-reference.com/players/l/looneke01.html
309,Brook Lopez,2009,2026,C,7-1,282,"April 1, 1988",Stanford,https://www.basketball-reference.com/players/l/lopezbr01.html
310,Caleb Love,2026,2026,G,6-3,212,"September 27, 2001","UNC, Arizona",https://www.basketball-reference.com/players/l/loveca01.html
311,Kevin Love,2009,2026,F-C,6-10,251,"September 7, 1988",UCLA,https://www.basketball-reference.com/players/l/loveke01.html
312,Lawson Lovering,2026,2026,C,7-0,245,"May 9, 2003","Colorado, Utah",https://www.basketball-reference.com/players/l/loverla01.html
313,Kyle Lowry,2007,2026,G,6-0,196,"March 25, 1986",Villanova,https://www.basketball-reference.com/players/l/lowryky01.html
314,Khaman Maluach,2026,2026,C,7-1,250,"September 14, 2006",Duke,https://www.basketball-reference.com/players/m/maluakh01.html
315,Sandro Mamukelashvili,2022,2026,C-F,6-9,240,"May 23, 1999",Seton Hall,https://www.basketball-reference.com/players/m/mamuksa01.html
316,Terance Mann,2020,2026,G-F,6-6,215,"October 18, 1996",Florida State,https://www.basketball-reference.com/players/m/mannte01.html
317,Tre Mann,2022,2026,G,6-4,178,"February 3, 2001",Florida,https://www.basketball-reference.com/players/m/manntr01.html
318,Chris Mañon,2026,2026,G,6-4,209,"December 9, 2001","Cornell, Vanderbilt",https://www.basketball-reference.com/players/m/maonch01.html
319,Lauri Markkanen,2018,2026,F-C,7-1,240,"May 22, 1997",Arizona,https://www.basketball-reference.com/players/m/markkla01.html
320,Naji Marshall,2021,2026,F,6-6,220,"January 24, 1998",Xavier,https://www.basketball-reference.com/players/m/marshna01.html
321,Alijah Martin,2026,2026,G,6-2,210,"December 26, 2001","Florida Atlantic University, Florida",https://www.basketball-reference.com/players/m/martial01.html
322,Caleb Martin,2020,2026,F,6-5,205,"September 28, 1995","NC State, Nevada",https://www.basketball-reference.com/players/m/martica01.html
323,Cody Martin,2020,2026,G-F,6-6,205,"September 28, 1995","NC State, Nevada",https://www.basketball-reference.com/players/m/martico01.html
324,Tyrese Martin,2023,2026,G,6-6,215,"March 7, 1999","Rhode Island, UConn",https://www.basketball-reference.com/players/m/martity01.html
325,Jahmai Mashack,2026,2026,G,6-4,203,"November 10, 2002",Tennessee,https://www.basketball-reference.com/players/m/mashaja01.html
326,Garrison Mathews,2020,2026,G,6-5,215,"October 24, 1996",Lipscomb,https://www.basketball-reference.com/players/m/mathega01.html
327,Bennedict Mathurin,2023,2026,G-F,6-5,210,"June 19, 2002",Arizona,https://www.basketball-reference.com/players/m/mathube01.html
328,Karlo Matković,2025,2026,F-C,6-10,231,"March 30, 2001",,https://www.basketball-reference.com/players/m/matkoka01.html
329,Tyrese Maxey,2021,2026,G,6-2,200,"November 4, 2000",Kentucky,https://www.basketball-reference.com/players/m/maxeyty01.html
330,Bez Mbeng,2026,2026,G,6-4,185,"May 2, 2003",Yale,https://www.basketball-reference.com/players/m/mbengbe01.html
331,Miles McBride,2022,2026,G,6-2,195,"September 8, 2000",West Virginia,https://www.basketball-reference.com/players/m/mcbrimi01.html
332,Jared McCain,2025,2026,G,6-3,195,"February 20, 2004",Duke,https://www.basketball-reference.com/players/m/mccaija01.html
333,Mac McClung,2022,2026,G,6-2,185,"January 6, 1999","Georgetown, Texas Tech",https://www.basketball-reference.com/players/m/mccluma01.html
334,CJ McCollum,2014,2026,G,6-3,190,"September 19, 1991",Lehigh,https://www.basketball-reference.com/players/m/mccolcj01.html
335,T.J. McConnell,2016,2026,G,6-1,190,"March 25, 1992","Duquesne, Arizona",https://www.basketball-reference.com/players/m/mccontj01.html
336,Kevin McCullar Jr.,2025,2026,G,6-6,210,"March 15, 2001","Texas Tech, Kansas",https://www.basketball-reference.com/players/m/mcculke01.html
337,Jaden McDaniels,2021,2026,F,6-9,185,"September 29, 2000",Washington,https://www.basketball-reference.com/players/m/mcdanja01.html
338,Doug McDermott,2015,2026,F,6-7,225,"January 3, 1992",Creighton,https://www.basketball-reference.com/players/m/mcderdo01.html
339,Bryce McGowens,2023,2026,G-F,6-6,190,"November 8, 2002",Nebraska,https://www.basketball-reference.com/players/m/mcgowbr01.html
340,Jordan McLaughlin,2020,2026,G,5-11,185,"April 9, 1996",USC,https://www.basketball-reference.com/players/m/mclaujo01.html
341,Liam McNeeley,2026,2026,G-F,6-7,210,"October 10, 2005",UConn,https://www.basketball-reference.com/players/m/mcneeli01.html
342,De'Anthony Melton,2019,2026,G,6-2,200,"May 28, 1998",USC,https://www.basketball-reference.com/players/m/meltode01.html
343,Sam Merrill,2021,2026,G,6-4,205,"May 15, 1996",Utah State University,https://www.basketball-reference.com/players/m/merrisa01.html
344,Khris Middleton,2013,2026,F-G,6-7,222,"August 12, 1991",Texas A&M,https://www.basketball-reference.com/players/m/middlkh01.html
345,Brandon Miller,2024,2026,F-G,6-7,200,"November 22, 2002",Alabama,https://www.basketball-reference.com/players/m/millebr01.html
346,Emanuel Miller,2025,2026,F,6-5,215,"June 19, 2000","Texas A&M, TCU",https://www.basketball-reference.com/players/m/milleem01.html
347,Jordan Miller,2024,2026,G,6-5,194,"January 23, 2000","George Mason, Miami (FL)",https://www.basketball-reference.com/players/m/millejo01.html
348,Leonard Miller,2024,2026,F,6-10,220,"November 26, 2003",,https://www.basketball-reference.com/players/m/millele01.html
349,Riley Minix,2025,2026,G,6-7,230,"September 22, 2000","Southeastern University, Morehead State University",https://www.basketball-reference.com/players/m/minixri01.html
350,Josh Minott,2023,2026,F,6-8,205,"November 25, 2002",Memphis,https://www.basketball-reference.com/players/m/minotjo01.html
351,Yves Missi,2025,2026,C,6-11,235,"May 14, 2004",Baylor,https://www.basketball-reference.com/players/m/missiyv01.html
352,Ajay Mitchell,2025,2026,G,6-4,190,"June 25, 2002",UC Santa Barbara,https://www.basketball-reference.com/players/m/mitchaj01.html
353,Davion Mitchell,2022,2026,G,6-0,202,"September 5, 1998","Auburn, Baylor",https://www.basketball-reference.com/players/m/mitchda01.html
354,Donovan Mitchell,2018,2026,G,6-2,215,"September 7, 1996",Louisville,https://www.basketball-reference.com/players/m/mitchdo01.html
355,Evan Mobley,2022,2026,F-C,6-11,215,"June 18, 2001",USC,https://www.basketball-reference.com/players/m/mobleev01.html
356,Jonathan Mogbo,2025,2026,F,6-9,225,"October 29, 2001","Missouri State, San Francisco",https://www.basketball-reference.com/players/m/mogbojo01.html
357,Malik Monk,2018,2026,G,6-3,200,"February 4, 1998",Kentucky,https://www.basketball-reference.com/players/m/monkma01.html
358,Moses Moody,2022,2026,G,6-5,211,"May 31, 2002",Arkansas,https://www.basketball-reference.com/players/m/moodymo01.html
359,Wendell Moore Jr.,2023,2026,G-F,6-5,215,"September 18, 2001",Duke,https://www.basketball-reference.com/players/m/moorewe01.html
360,Alex Morales,2026,2026,G,6-6,180,"November 21, 1997","Prince George Community College, Wagner College",https://www.basketball-reference.com/players/m/moralal01.html
361,Ja Morant,2020,2026,G,6-2,174,"August 10, 1999",Murray State,https://www.basketball-reference.com/players/m/moranja01.html
362,Monte Morris,2018,2026,G,6-2,183,"June 27, 1995",Iowa State,https://www.basketball-reference.com/players/m/morrimo01.html
363,Trey Murphy III,2022,2026,F,6-8,206,"June 18, 2000","Rice University, Virginia",https://www.basketball-reference.com/players/m/murphtr01.html
364,Dejounte Murray,2017,2026,G,6-4,180,"September 19, 1996",Washington,https://www.basketball-reference.com/players/m/murrade01.html
365,Jamal Murray,2017,2026,G,6-4,215,"February 23, 1997",Kentucky,https://www.basketball-reference.com/players/m/murraja01.html
366,Keegan Murray,2023,2026,F,6-8,225,"August 19, 2000",Iowa,https://www.basketball-reference.com/players/m/murrake01.html
367,Kris Murray,2024,2026,F,6-8,218,"August 19, 2000",Iowa,https://www.basketball-reference.com/players/m/murrakr01.html
368,Collin Murray-Boyles,2026,2026,F,6-7,245,"June 10, 2005",South Carolina,https://www.basketball-reference.com/players/m/murraco01.html
369,Svi Mykhailiuk,2019,2026,G-F,6-7,205,"June 10, 1997",Kansas,https://www.basketball-reference.com/players/m/mykhasv01.html
370,Larry Nance Jr.,2016,2026,F-C,6-6,245,"January 1, 1993",Wyoming,https://www.basketball-reference.com/players/n/nancela01.html
371,Pete Nance,2024,2026,F,6-9,225,"February 19, 2000","Northwestern, UNC",https://www.basketball-reference.com/players/n/nancepe01.html
372,Grant Nelson,2026,2026,F,7-0,215,"March 18, 2002","North Dakota State University, Alabama",https://www.basketball-reference.com/players/n/nelsogr01.html
373,Andrew Nembhard,2023,2026,G,6-4,191,"January 16, 2000","Florida, Gonzaga",https://www.basketball-reference.com/players/n/nembhan01.html
374,Ryan Nembhard,2026,2026,G,5-11,180,"March 10, 2003","Creighton, Gonzaga",https://www.basketball-reference.com/players/n/nembhry01.html
375,Aaron Nesmith,2021,2026,G-F,6-5,215,"October 16, 1999",Vanderbilt,https://www.basketball-reference.com/players/n/nesmiaa01.html
376,Asa Newell,2026,2026,F,6-10,220,"October 5, 2005",Georgia,https://www.basketball-reference.com/players/n/newelas01.html
377,Tristen Newton,2025,2026,G,6-5,190,"April 26, 2001","East Carolina University, UConn",https://www.basketball-reference.com/players/n/newtotr01.html
378,Zeke Nnaji,2021,2026,F,6-10,240,"January 9, 2001",Arizona,https://www.basketball-reference.com/players/n/nnajize01.html
379,Jusuf Nurkić,2015,2026,C,6-11,290,"August 23, 1994",,https://www.basketball-reference.com/players/n/nurkiju01.html
380,Royce O'Neale,2018,2026,F,6-6,226,"June 5, 1993","Denver, Baylor",https://www.basketball-reference.com/players/o/onealro01.html
381,Josh Oduro,2026,2026,F,6-9,240,"October 14, 2000","George Mason, Providence",https://www.basketball-reference.com/players/o/odurojo01.html
382,Toby Okani,2026,2026,F,6-8,210,"October 5, 2001","Duquesne, University of Illinois at Chicago, West Virginia",https://www.basketball-reference.com/players/o/okanito01.html
383,Josh Okogie,2019,2026,G,6-4,213,"September 1, 1998",Georgia Tech,https://www.basketball-reference.com/players/o/okogijo01.html
384,Onyeka Okongwu,2021,2026,C-F,6-10,240,"December 11, 2000",USC,https://www.basketball-reference.com/players/o/okongon01.html
385,Isaac Okoro,2021,2026,G-F,6-4,225,"January 26, 2001",Auburn,https://www.basketball-reference.com/players/o/okorois01.html
386,Lachlan Olbrich,2026,2026,F-C,6-8,236,"December 30, 2003","University of California, Riverside",https://www.basketball-reference.com/players/o/olbrila01.html
387,Kelly Olynyk,2014,2026,C-F,7-0,240,"April 19, 1991",Gonzaga,https://www.basketball-reference.com/players/o/olynyke01.html
388,Norchad Omier,2026,2026,F,6-5,248,"August 28, 2001","Arkansas State University, Miami (FL), Baylor",https://www.basketball-reference.com/players/o/omierno01.html
389,Kelly Oubre Jr.,2016,2026,F,6-8,203,"December 9, 1995",Kansas,https://www.basketball-reference.com/players/o/oubreke01.html
390,Chris Paul,2006,2026,G,6-0,175,"May 6, 1985",Wake Forest,https://www.basketball-reference.com/players/p/paulch01.html
391,Cameron Payne,2016,2026,G,6-2,183,"August 8, 1994",Murray State,https://www.basketball-reference.com/players/p/payneca01.html
392,Gary Payton II,2017,2026,G,6-2,195,"December 1, 1992",Oregon State,https://www.basketball-reference.com/players/p/paytoga01.html
393,Micah Peavy,2026,2026,G,6-7,215,"July 16, 2001","Texas Tech, TCU, Georgetown",https://www.basketball-reference.com/players/p/peavymi01.html
394,Sean Pedulla,2026,2026,G,6-1,195,"October 10, 2002","Virginia Tech, Ole Miss",https://www.basketball-reference.com/players/p/pedulse01.html
395,Noah Penda,2026,2026,G-F,6-7,215,"January 7, 2005",,https://www.basketball-reference.com/players/p/pendano01.html
396,Taelon Peter,2026,2026,G,6-3,185,"February 27, 2002","Tennessee Technological University, Arkansas Tech University, Liberty",https://www.basketball-reference.com/players/p/peterta01.html
397,Drew Peterson,2024,2026,G,6-8,205,"November 9, 1999","Rice University, USC",https://www.basketball-reference.com/players/p/peterdr01.html
398,Julian Phillips,2024,2026,F,6-6,198,"November 5, 2003",Tennessee,https://www.basketball-reference.com/players/p/phillju01.html
399,Jalen Pickett,2024,2026,G,6-2,202,"October 22, 1999","Siena College, Penn State",https://www.basketball-reference.com/players/p/pickeja01.html
400,Scotty Pippen Jr.,2023,2026,G,6-2,170,"November 10, 2000",Vanderbilt,https://www.basketball-reference.com/players/p/pippesc01.html
401,Daeqwon Plowden,2025,2026,G,6-4,216,"August 29, 1998",Bowling Green,https://www.basketball-reference.com/players/p/plowdda01.html
402,Mason Plumlee,2014,2026,C-F,7-0,254,"March 5, 1990",Duke,https://www.basketball-reference.com/players/p/plumlma01.html
403,Brandin Podziemski,2024,2026,G,6-4,205,"February 25, 2003","Illinois, Santa Clara",https://www.basketball-reference.com/players/p/podzibr01.html
404,Jakob Poeltl,2017,2026,C,7-0,253,"October 15, 1995",Utah,https://www.basketball-reference.com/players/p/poeltja01.html
405,Jordan Poole,2020,2026,G,6-4,194,"June 19, 1999",Michigan,https://www.basketball-reference.com/players/p/poolejo01.html
406,Craig Porter Jr.,2024,2026,G,6-1,180,"February 26, 2000","Vincennes University, Wichita State",https://www.basketball-reference.com/players/p/portecr01.html
407,Kevin Porter Jr.,2020,2026,G,6-5,203,"May 4, 2000",USC,https://www.basketball-reference.com/players/p/porteke01.html
408,Michael Porter Jr.,2020,2026,F,6-10,218,"June 29, 1998",Missouri,https://www.basketball-reference.com/players/p/portemi01.html
409,Bobby Portis,2016,2026,F-C,6-9,250,"February 10, 1995",Arkansas,https://www.basketball-reference.com/players/p/portibo01.html
410,Kristaps Porziņģis,2016,2026,C-F,7-2,240,"August 2, 1995",,https://www.basketball-reference.com/players/p/porzikr01.html
411,Quinten Post,2025,2026,F,7-0,238,"March 21, 2000","Mississippi State, Boston College",https://www.basketball-reference.com/players/p/postqu01.html
412,Micah Potter,2022,2026,C,6-9,248,"April 6, 1998","Ohio State, Wisconsin",https://www.basketball-reference.com/players/p/pottemi01.html
413,John Poulakidas,2026,2026,G,6-6,205,"April 4, 2003",Yale,https://www.basketball-reference.com/players/p/poulajo01.html
414,Drake Powell,2026,2026,G-F,6-5,195,"September 8, 2005",UNC,https://www.basketball-reference.com/players/p/poweldr01.html
415,Dwight Powell,2015,2026,F-C,6-10,240,"July 20, 1991",Stanford,https://www.basketball-reference.com/players/p/poweldw01.html
416,Norman Powell,2016,2026,G,6-3,215,"May 25, 1993",UCLA,https://www.basketball-reference.com/players/p/powelno01.html
417,Taurean Prince,2017,2026,F,6-6,218,"March 22, 1994",Baylor,https://www.basketball-reference.com/players/p/princta01.html
418,Payton Pritchard,2021,2026,G,6-1,195,"January 28, 1998",Oregon,https://www.basketball-reference.com/players/p/pritcpa01.html
419,Tyrese Proctor,2026,2026,G,6-4,185,"April 1, 2004",Duke,https://www.basketball-reference.com/players/p/proctty01.html
420,Olivier-Maxence Prosper,2024,2026,F,6-7,230,"July 3, 2002","Clemson, Marquette",https://www.basketball-reference.com/players/p/prospol01.html
421,Zyon Pullin,2025,2026,G,6-4,206,"March 3, 2001","University of California, Riverside, Florida",https://www.basketball-reference.com/players/p/pullizy01.html
422,Derik Queen,2026,2026,F-C,6-9,250,"December 27, 2004",Maryland,https://www.basketball-reference.com/players/q/queende01.html
423,Neemias Queta,2022,2026,C,7-0,248,"July 13, 1999",Utah State University,https://www.basketball-reference.com/players/q/quetane01.html
424,Immanuel Quickley,2021,2026,G,6-2,190,"June 17, 1999",Kentucky,https://www.basketball-reference.com/players/q/quickim01.html
425,Julius Randle,2015,2026,F-C,6-9,250,"November 29, 1994",Kentucky,https://www.basketball-reference.com/players/r/randlju01.html
426,Maxime Raynaud,2026,2026,F,7-1,250,"April 7, 2003",Stanford,https://www.basketball-reference.com/players/r/raynama01.html
427,Duop Reath,2024,2026,C,6-9,245,"June 26, 1996","Lee College, LSU",https://www.basketball-reference.com/players/r/reathdu01.html
428,Austin Reaves,2022,2026,G,6-5,197,"May 29, 1998","Wichita State, Oklahoma",https://www.basketball-reference.com/players/r/reaveau01.html
429,Paul Reed,2021,2026,C-F,6-9,210,"June 14, 1999",DePaul,https://www.basketball-reference.com/players/r/reedpa01.html
430,Julian Reese,2026,2026,F,6-9,230,"June 30, 2003",Maryland,https://www.basketball-reference.com/players/r/reeseju01.html
431,Antonio Reeves,2025,2026,G,6-5,205,"November 20, 2000","Illinois State, Kentucky",https://www.basketball-reference.com/players/r/reevean01.html
432,Naz Reid,2020,2026,F,6-9,264,"August 26, 1999",LSU,https://www.basketball-reference.com/players/r/reidna01.html
433,Will Richard,2026,2026,G,6-3,206,"December 24, 2002","Belmont, Florida",https://www.basketball-reference.com/players/r/richawi01.html
434,Nick Richards,2021,2026,F-C,6-11,245,"November 29, 1997",Kentucky,https://www.basketball-reference.com/players/r/richani01.html
435,Jase Richardson,2026,2026,G,6-1,180,"October 16, 2005",Michigan State,https://www.basketball-reference.com/players/r/richaja01.html
436,Kadary Richmond,2026,2026,G,6-5,205,"August 25, 2001","Syracuse, Seton Hall, St. John's",https://www.basketball-reference.com/players/r/richmka01.html
437,Will Riley,2026,2026,F,6-9,180,"February 10, 2006",Illinois,https://www.basketball-reference.com/players/r/rileywi01.html
438,Zaccharie Risacher,2025,2026,F,6-8,200,"April 8, 2005",,https://www.basketball-reference.com/players/r/risacza01.html
439,Duncan Robinson,2019,2026,G-F,6-7,215,"April 22, 1994","Williams, Michigan",https://www.basketball-reference.com/players/r/robindu01.html
440,Mitchell Robinson,2019,2026,C,7-0,240,"April 1, 1998",Western Kentucky,https://www.basketball-reference.com/players/r/robinmi01.html
441,Orlando Robinson,2023,2026,F,6-10,235,"July 10, 2000",Fresno State,https://www.basketball-reference.com/players/r/robinor01.html
442,Jeremiah Robinson-Earl,2022,2026,F,6-9,240,"November 3, 2000",Villanova,https://www.basketball-reference.com/players/r/robinje01.html
443,David Roddy,2023,2026,F,6-5,255,"March 27, 2001",Colorado State,https://www.basketball-reference.com/players/r/roddyda01.html
444,Ryan Rollins,2023,2026,G,6-3,180,"July 3, 2002",Toledo,https://www.basketball-reference.com/players/r/rolliry01.html
445,Rayan Rupert,2024,2026,G,6-7,205,"May 31, 2004",,https://www.basketball-reference.com/players/r/ruperra01.html
446,D'Angelo Russell,2016,2026,G,6-3,193,"February 23, 1996",Ohio State,https://www.basketball-reference.com/players/r/russeda01.html
447,Cormac Ryan,2026,2026,G,6-5,195,"October 26, 1998","Stanford, Notre Dame, UNC",https://www.basketball-reference.com/players/r/ryanco01.html
448,Domantas Sabonis,2017,2026,C-F,6-10,240,"May 3, 1996",Gonzaga,https://www.basketball-reference.com/players/s/sabondo01.html
449,Tidjane Salaün,2025,2026,F,6-10,207,"August 10, 2005",,https://www.basketball-reference.com/players/s/salanti01.html
450,Hunter Sallis,2026,2026,G,6-4,185,"March 26, 2003","Gonzaga, Wake Forest",https://www.basketball-reference.com/players/s/sallihu01.html
451,Kobe Sanders,2026,2026,G,6-8,207,"May 30, 2002","Cal Poly, Nevada",https://www.basketball-reference.com/players/s/sandeko01.html
452,Payton Sandfort,2026,2026,G,6-7,215,"December 4, 2002",Iowa,https://www.basketball-reference.com/players/s/sandfpa01.html
453,Gui Santos,2024,2026,F,6-7,185,"June 22, 2002",,https://www.basketball-reference.com/players/s/santogu01.html
454,Ben Saraf,2026,2026,G,6-6,200,"April 14, 2006",,https://www.basketball-reference.com/players/s/sarafbe01.html
455,Dario Šarić,2017,2026,F-C,6-10,225,"April 8, 1994",,https://www.basketball-reference.com/players/a/arida01.html
456,Alex Sarr,2025,2026,F,7-0,205,"April 26, 2005",,https://www.basketball-reference.com/players/s/sarral01.html
457,Olivier Sarr,2022,2026,C,6-10,240,"February 20, 1999","Wake Forest, Kentucky",https://www.basketball-reference.com/players/s/sarrol01.html
458,Marcus Sasser,2024,2026,G,6-1,195,"September 21, 2000",Houston,https://www.basketball-reference.com/players/s/sassema01.html
459,Baylor Scheierman,2025,2026,G,6-6,205,"September 26, 2000","South Dakota State, Creighton",https://www.basketball-reference.com/players/s/scheiba01.html
460,Dennis Schröder,2014,2026,G,6-1,175,"September 15, 1993",,https://www.basketball-reference.com/players/s/schrdde01.html
461,Tre Scott,2022,2026,F,6-8,225,"November 25, 1996",Cincinnati,https://www.basketball-reference.com/players/s/scotttr01.html
462,Mark Sears,2026,2026,G,6-0,185,"February 19, 2002","Ohio University, Alabama",https://www.basketball-reference.com/players/s/searsma01.html
463,Alperen Şengün,2022,2026,C-F,6-11,243,"July 25, 2002",,https://www.basketball-reference.com/players/e/engnal01.html
464,Brice Sensabaugh,2024,2026,F,6-6,235,"October 30, 2003",Ohio State,https://www.basketball-reference.com/players/s/sensabr01.html
465,Collin Sexton,2019,2026,G,6-3,190,"January 4, 1999",Alabama,https://www.basketball-reference.com/players/s/sextoco01.html
466,Landry Shamet,2019,2026,G,6-5,190,"March 13, 1997",Wichita State,https://www.basketball-reference.com/players/s/shamela01.html
467,Terrence Shannon Jr.,2025,2026,G,6-6,215,"July 30, 2000","Texas Tech, Illinois",https://www.basketball-reference.com/players/s/shannte01.html
468,Day'Ron Sharpe,2022,2026,C,6-10,265,"November 6, 2001",UNC,https://www.basketball-reference.com/players/s/sharpda01.html
469,Shaedon Sharpe,2023,2026,G,6-5,210,"May 30, 2003",Kentucky,https://www.basketball-reference.com/players/s/sharpsh01.html
470,Jamal Shead,2025,2026,G,6-1,200,"June 24, 2002",Houston,https://www.basketball-reference.com/players/s/sheadja01.html
471,Ben Sheppard,2024,2026,G,6-6,190,"July 16, 2001",Belmont,https://www.basketball-reference.com/players/s/sheppbe01.html
472,Reed Sheppard,2025,2026,G,6-2,185,"June 24, 2004",Kentucky,https://www.basketball-reference.com/players/s/sheppre01.html
473,Max Shulga,2026,2026,G,6-4,210,"June 25, 2002","Utah State University, VCU",https://www.basketball-reference.com/players/s/shulgma01.html
474,Pascal Siakam,2017,2026,F-C,6-8,245,"April 2, 1994",New Mexico State,https://www.basketball-reference.com/players/s/siakapa01.html
475,Anfernee Simons,2019,2026,G,6-3,200,"June 8, 1999",,https://www.basketball-reference.com/players/s/simonan01.html
476,KJ Simpson,2025,2026,G,6-2,189,"August 8, 2002",Colorado,https://www.basketball-reference.com/players/s/simpskj01.html
477,Jericho Sims,2022,2026,F-C,6-10,250,"October 20, 1998",Texas,https://www.basketball-reference.com/players/s/simsje01.html
478,Jalen Slawson,2024,2026,F,6-7,215,"October 22, 1999",Furman University,https://www.basketball-reference.com/players/s/slawsja01.html
479,Javon Small,2026,2026,G,6-1,190,"December 19, 2002","East Carolina University, Oklahoma State, West Virginia",https://www.basketball-reference.com/players/s/smallja01.html
480,Marcus Smart,2015,2026,G,6-3,220,"March 6, 1994",Oklahoma State,https://www.basketball-reference.com/players/s/smartma01.html
481,Dru Smith,2023,2026,G,6-2,203,"December 30, 1997","University of Evansville, Missouri",https://www.basketball-reference.com/players/s/smithdr01.html
482,Jabari Smith Jr.,2023,2026,F-C,6-11,220,"May 13, 2003",Auburn,https://www.basketball-reference.com/players/s/smithja01.html
483,Jalen Smith,2021,2026,F,6-8,215,"March 16, 2000",Maryland,https://www.basketball-reference.com/players/s/smithja01.html
484,Malachi Smith,2026,2026,G,6-4,205,"December 6, 1999","Wright State University, Chattanooga, Gonzaga",https://www.basketball-reference.com/players/s/smithma01.html
485,Nick Smith Jr.,2024,2026,G,6-2,185,"April 18, 2004",Arkansas,https://www.basketball-reference.com/players/s/smithni01.html
486,Tolu Smith,2025,2026,F,6-11,254,"July 26, 2000","Western Kentucky, Mississippi State",https://www.basketball-reference.com/players/s/smithto01.html
487,Tyler Smith,2025,2026,F,6-9,224,"November 2, 2004",,https://www.basketball-reference.com/players/s/smithty01.html
488,Jeremy Sochan,2023,2026,F-G,6-8,230,"May 20, 2003",Baylor,https://www.basketball-reference.com/players/s/sochaje01.html
489,Cam Spencer,2025,2026,G,6-3,205,"April 6, 2000","Loyola (MD), Rutgers University, UConn",https://www.basketball-reference.com/players/s/spencca01.html
490,Pat Spencer,2024,2026,G,6-2,205,"July 4, 1996","Loyola (MD), Northwestern",https://www.basketball-reference.com/players/s/spencpa01.html
491,Isaiah Stevens,2025,2026,G,5-11,185,"November 1, 2000",Colorado State,https://www.basketball-reference.com/players/s/steveis01.html
492,Isaiah Stewart,2021,2026,F-C,6-8,250,"May 22, 2001",Washington,https://www.basketball-reference.com/players/s/stewais01.html
493,Julian Strawther,2024,2026,F,6-6,205,"April 18, 2002",Gonzaga,https://www.basketball-reference.com/players/s/strawju01.html
494,Max Strus,2020,2026,G,6-5,215,"March 28, 1996","Lewis (IL), DePaul",https://www.basketball-reference.com/players/s/strusma01.html
495,Jalen Suggs,2022,2026,G,6-5,205,"June 3, 2001",Gonzaga,https://www.basketball-reference.com/players/s/suggsja01.html
496,Jae'Sean Tate,2021,2026,F,6-4,230,"October 28, 1995",Ohio State,https://www.basketball-reference.com/players/t/tateja01.html
497,Jayson Tatum,2018,2026,F,6-8,210,"March 3, 1998",Duke,https://www.basketball-reference.com/players/t/tatumja01.html
498,Jahmyl Telfort,2026,2026,G,6-7,225,"April 30, 2001","Northeastern University, Butler",https://www.basketball-reference.com/players/t/telfoja01.html
499,Garrett Temple,2010,2026,G,6-5,195,"May 8, 1986",LSU,https://www.basketball-reference.com/players/t/templga01.html
500,Dalen Terry,2023,2026,G,6-6,195,"July 12, 2002",Arizona,https://www.basketball-reference.com/players/t/terryda01.html
501,Adou Thiero,2026,2026,G-F,6-7,220,"May 8, 2004","Kentucky, Arkansas",https://www.basketball-reference.com/players/t/thierad01.html
502,Cam Thomas,2022,2026,G,6-3,210,"October 13, 2001",LSU,https://www.basketball-reference.com/players/t/thomaca01.html
503,Amen Thompson,2024,2026,G-F,6-7,200,"January 30, 2003",,https://www.basketball-reference.com/players/t/thompam01.html
504,Ausar Thompson,2024,2026,G,6-7,205,"January 30, 2003",,https://www.basketball-reference.com/players/t/thompau01.html
505,Ethan Thompson,2026,2026,G,6-4,195,"May 4, 1999",Oregon State,https://www.basketball-reference.com/players/t/thompet01.html
506,Klay Thompson,2012,2026,G-F,6-5,220,"February 8, 1990",Washington State,https://www.basketball-reference.com/players/t/thompkl01.html
507,Matisse Thybulle,2020,2026,G,6-5,202,"March 4, 1997",Washington,https://www.basketball-reference.com/players/t/thybuma01.html
508,Xavier Tillman Sr.,2021,2026,F,6-8,245,"January 12, 1999",Michigan State,https://www.basketball-reference.com/players/t/tillmxa01.html
509,Drew Timme,2025,2026,F,6-9,235,"September 9, 2000",Gonzaga,https://www.basketball-reference.com/players/t/timmedr01.html
510,Nae'Qwan Tomlin,2025,2026,F,6-8,210,"December 10, 2000","Monroe Community College, Chipola College, Kansas State, Memphis",https://www.basketball-reference.com/players/t/tomlina01.html
511,John Tonje,2026,2026,G,6-4,218,"April 23, 2001","Colorado State, Missouri, Wisconsin",https://www.basketball-reference.com/players/t/tonjejo01.html
512,Nikola Topić,2026,2026,G,6-6,200,"August 10, 2005",,https://www.basketball-reference.com/players/t/topini01.html
513,Jacob Toppin,2024,2026,F,6-9,200,"May 8, 2000","Rhode Island, Kentucky",https://www.basketball-reference.com/players/t/toppija01.html
514,Obi Toppin,2021,2026,F,6-9,220,"March 4, 1998",Dayton,https://www.basketball-reference.com/players/t/toppiob01.html
515,Karl-Anthony Towns,2016,2026,C-F,7-0,248,"November 15, 1995",Kentucky,https://www.basketball-reference.com/players/t/townska01.html
516,Nolan Traoré,2026,2026,G,6-3,185,"May 28, 2006",,https://www.basketball-reference.com/players/t/traorno01.html
517,Luke Travers,2025,2026,G,6-6,207,"September 3, 2001",,https://www.basketball-reference.com/players/t/travelu01.html
518,Gary Trent Jr.,2019,2026,G,6-5,204,"January 18, 1999",Duke,https://www.basketball-reference.com/players/t/trentga01.html
519,Oscar Tshiebwe,2024,2026,F,6-8,255,"November 27, 1999","West Virginia, Kentucky",https://www.basketball-reference.com/players/t/tshieos01.html
520,Myles Turner,2016,2026,C-F,6-11,250,"March 24, 1996",Texas,https://www.basketball-reference.com/players/t/turnemy01.html
521,Hunter Tyson,2024,2026,F,6-8,215,"June 13, 2000",Clemson,https://www.basketball-reference.com/players/t/tysonhu01.html
522,Jaylon Tyson,2025,2026,G,6-6,215,"December 2, 2002","Texas, Texas Tech, California",https://www.basketball-reference.com/players/t/tysonja01.html
523,Stanley Umude,2023,2026,G,6-6,210,"April 12, 1999","South Dakota, Arkansas",https://www.basketball-reference.com/players/u/umudest01.html
524,Jonas Valančiūnas,2013,2026,C,6-11,265,"May 6, 1992",,https://www.basketball-reference.com/players/v/valanjo01.html
525,Jarred Vanderbilt,2019,2026,F,6-8,214,"April 3, 1999",Kentucky,https://www.basketball-reference.com/players/v/vandeja01.html
526,Devin Vassell,2021,2026,G-F,6-5,200,"August 23, 2000",Florida State,https://www.basketball-reference.com/players/v/vassede01.html
527,Gabe Vincent,2020,2026,G,6-2,200,"June 14, 1996",UC Santa Barbara,https://www.basketball-reference.com/players/v/vincega01.html
528,Nikola Vučević,2012,2026,C,6-9,260,"October 24, 1990",USC,https://www.basketball-reference.com/players/v/vuevini01.html
529,Tristan Vukcevic,2024,2026,F-C,7-0,220,"March 11, 2003",,https://www.basketball-reference.com/players/v/vukcetr01.html
530,Dean Wade,2020,2026,F,6-9,228,"November 20, 1996",Kansas State,https://www.basketball-reference.com/players/w/wadede01.html
531,Franz Wagner,2022,2026,G-F,6-10,220,"August 27, 2001",Michigan,https://www.basketball-reference.com/players/w/wagnefr01.html
532,Moritz Wagner,2019,2026,F-C,6-11,245,"April 26, 1997",Michigan,https://www.basketball-reference.com/players/w/wagnemo01.html
533,Jabari Walker,2023,2026,F-C,6-7,237,"July 30, 2002",Colorado,https://www.basketball-reference.com/players/w/walkeja01.html
534,Jarace Walker,2024,2026,F,6-7,235,"September 4, 2003",Houston,https://www.basketball-reference.com/players/w/walkeja01.html
535,Cason Wallace,2024,2026,G,6-3,195,"November 7, 2003",Kentucky,https://www.basketball-reference.com/players/w/wallaca01.html
536,Keaton Wallace,2025,2026,G,6-3,185,"February 26, 1999",Texas-San Antonio,https://www.basketball-reference.com/players/w/wallake01.html
537,Jordan Walsh,2024,2026,G-F,6-6,205,"March 3, 2004",Arkansas,https://www.basketball-reference.com/players/w/walshjo01.html
538,Ja'Kobe Walter,2025,2026,G,6-4,180,"September 4, 2004",Baylor,https://www.basketball-reference.com/players/w/walteja01.html
539,Kel'el Ware,2025,2026,C,7-0,230,"April 20, 2004","Oregon, Indiana",https://www.basketball-reference.com/players/w/wareke01.html
540,P.J. Washington,2020,2026,F,6-7,230,"August 23, 1998",Kentucky,https://www.basketball-reference.com/players/w/washipj01.html
541,TyTy Washington Jr.,2023,2026,G,6-3,195,"November 15, 2001",Kentucky,https://www.basketball-reference.com/players/w/washity01.html
542,Lindy Waters III,2022,2026,G,6-5,210,"July 28, 1997",Oklahoma State,https://www.basketball-reference.com/players/w/waterli01.html
543,Trendon Watford,2022,2026,F,6-8,237,"November 9, 2000",LSU,https://www.basketball-reference.com/players/w/watfotr01.html
544,Jamir Watkins,2026,2026,F-G,6-6,210,"July 6, 2001","VCU, Florida State",https://www.basketball-reference.com/players/w/watkija01.html
545,Peyton Watson,2023,2026,G-F,6-8,200,"September 11, 2002",UCLA,https://www.basketball-reference.com/players/w/watsope01.html
546,Jaylen Wells,2025,2026,F,6-7,206,"August 26, 2003","Sonoma State University, Washington State",https://www.basketball-reference.com/players/w/wellsja01.html
547,Victor Wembanyama,2024,2026,C-F,7-4,235,"January 4, 2004",,https://www.basketball-reference.com/players/w/wembavi01.html
548,Blake Wesley,2023,2026,G,6-4,190,"March 16, 2003",Notre Dame,https://www.basketball-reference.com/players/w/weslebl01.html
549,Russell Westbrook,2009,2026,G,6-4,200,"November 12, 1988",UCLA,https://www.basketball-reference.com/players/w/westbru01.html
550,Coby White,2020,2026,G,6-4,195,"February 16, 2000",UNC,https://www.basketball-reference.com/players/w/whiteco01.html
551,Derrick White,2018,2026,G,6-4,190,"July 2, 1994","Colorado-Colorado Springs, Colorado",https://www.basketball-reference.com/players/w/whitede01.html
552,Dariq Whitehead,2024,2026,F,6-6,220,"August 1, 2004",Duke,https://www.basketball-reference.com/players/w/whiteda01.html
553,Cam Whitmore,2024,2026,F,6-6,230,"July 8, 2004",Villanova,https://www.basketball-reference.com/players/w/whitmca01.html
554,Aaron Wiggins,2022,2026,G,6-5,190,"January 2, 1999",Maryland,https://www.basketball-reference.com/players/w/wiggiaa01.html
555,Andrew Wiggins,2015,2026,F-G,6-6,197,"February 23, 1995",Kansas,https://www.basketball-reference.com/players/w/wiggian01.html
556,Alondes Williams,2023,2026,G,6-4,210,"June 19, 1999","Triton College, Oklahoma, Wake Forest",https://www.basketball-reference.com/players/w/willial01.html
557,Amari Williams,2026,2026,F,6-11,250,"January 28, 2002","Drexel, Kentucky",https://www.basketball-reference.com/players/w/william01.html
558,Brandon Williams,2022,2026,G,6-1,190,"November 22, 1999",Arizona,https://www.basketball-reference.com/players/w/willibr01.html
559,Cody Williams,2025,2026,G-F,6-8,190,"November 20, 2004",Colorado,https://www.basketball-reference.com/players/w/willico01.html
560,Grant Williams,2020,2026,F,6-7,236,"November 30, 1998",Tennessee,https://www.basketball-reference.com/players/w/willigr01.html
561,Jalen Williams,2023,2026,G,6-5,211,"April 14, 2001",Santa Clara,https://www.basketball-reference.com/players/w/willija01.html
562,Jaylin Williams,2023,2026,F,6-9,240,"June 29, 2002",Arkansas,https://www.basketball-reference.com/players/w/willija01.html
563,Kenrich Williams,2019,2026,G-F,6-7,210,"December 2, 1994",TCU,https://www.basketball-reference.com/players/w/willike01.html
564,Mark Williams,2023,2026,C,7-1,240,"December 16, 2001",Duke,https://www.basketball-reference.com/players/w/willima01.html
565,Nate Williams,2023,2026,G,6-5,205,"February 12, 1999",Buffalo,https://www.basketball-reference.com/players/w/willina01.html
566,Patrick Williams,2021,2026,F,6-6,215,"August 26, 2001",Florida State,https://www.basketball-reference.com/players/w/willipa01.html
567,Robert Williams,2019,2026,C-F,6-9,249,"October 17, 1997",Texas A&M,https://www.basketball-reference.com/players/w/williro01.html
568,Vince Williams Jr.,2023,2026,F,6-4,205,"August 30, 2000",VCU,https://www.basketball-reference.com/players/w/willivi01.html
569,Ziaire Williams,2022,2026,F,6-9,185,"September 12, 2001",Stanford,https://www.basketball-reference.com/players/w/willizi01.html
570,Lucas Williamson,2026,2026,G,6-4,205,"January 28, 1999",Loyola Chicago,https://www.basketball-reference.com/players/w/willilu01.html
571,Zion Williamson,2020,2026,F-C,6-6,284,"July 6, 2000",Duke,https://www.basketball-reference.com/players/w/willizi01.html
572,Jalen Wilson,2024,2026,F,6-6,220,"November 4, 2000",Kansas,https://www.basketball-reference.com/players/w/wilsoja01.html
573,James Wiseman,2021,2026,C,6-11,240,"March 31, 2001",Memphis,https://www.basketball-reference.com/players/w/wisemja01.html
574,Danny Wolf,2026,2026,F-C,6-11,250,"May 5, 2004","Yale, Michigan",https://www.basketball-reference.com/players/w/wolfda01.html
575,Guerschon Yabusele,2018,2026,F-C,6-7,265,"December 17, 1995",,https://www.basketball-reference.com/players/y/yabusgu01.html
576,Jahmir Young,2025,2026,G,6-0,185,"October 7, 2000","UNC Charlotte, Maryland",https://www.basketball-reference.com/players/y/youngja01.html
577,Trae Young,2019,2026,G,6-2,164,"September 19, 1998",Oklahoma,https://www.basketball-reference.com/players/y/youngtr01.html
578,Chris Youngblood,2026,2026,G,6-4,221,"February 9, 2002","Kennesaw State University, South Florida, Alabama",https://www.basketball-reference.com/players/y/youngch01.html
579,Omer Yurtseven,2022,2026,C,6-11,275,"June 19, 1998","NC State, Georgetown",https://www.basketball-reference.com/players/y/yurtsom01.html
580,Rocco Zikarsky,2026,2026,C,7-3,227,"July 11, 2006",,https://www.basketball-reference.com/players/z/zikarro01.html
581,Ivica Zubac,2017,2026,C,7-0,240,"March 18, 1997",,https://www.basketball-reference.com/players/z/zubaciv01.html
